genome_id	genome_name	taxon_id	label	completeness	16s_rrna_methyltransferase_a1408	16s_rrna_methyltransferase_g1405	aac_2	aac_3	aac_6	aac_6_aac_6_ib_cr	aak_beta_lactamase	acc_beta_lactamase	aci_beta_lactamase	act_beta_lactamase	adc_beta_lactamase_with_carbapenemase_activity	adc_beta_lactamase_without_carbapenemase_activity	adc_beta_lactamases_pending_classification_for_carbapenemase_activity	aer_beta_lactamase	afm_beta_lactamase	aim_beta_lactamase	alg11_beta_lactamase	alg6_beta_lactamases	ali_beta_lactamase	alm_glycyl_carrier_protein_polymyxin_resistance_operon	alm_glycyltransferase_polymyxin_resistance_operon	aminoglycoside_bifunctional_resistance_protein	ampc_type_beta_lactamase	amz_beta_lactamase	ana_beta_lactamase	ant_2	ant_3	ant_4	ant_6	ant_9	antibiotic_resistant_cya_adenylate_cyclase	antibiotic_resistant_mura_transferase	antibiotic_resistant_uhpt	aph_2	aph_3	aph_4	aph_6	aph_7	aph_9	aqu_beta_lactamase	arl_beta_lactamase	ast_beta_lactamase	atp_binding_cassette_abc_antibiotic_efflux_pump	atp_binding_cassette_abc_antibiotic_efflux_pump_general_bacterial_porin_with_red	atp_binding_cassette_abc_antibiotic_efflux_pump_major_facilitator_superfamily_mf	axc_beta_lactamase	bat_beta_lactamase	bcl_beta_lactamase	bel_beta_lactamase	bes_beta_lactamase	bic_beta_lactamase	bil_beta_lactamase	bjp_beta_lactamase	bkc_beta_lactamase	blaa_beta_lactamase	blab_beta_lactamase	blaf_family_beta_lactamase	blas	blaz_beta_lactamase	bleomycin_resistant_protein	bpu_beta_lactamase	bro_beta_lactamase	bsu_beta_lactamase	but_beta_lactamase	cae_beta_lactamase	cam_beta_lactamase	capreomycin_phosphotransferase	car_beta_lactamase	carb_beta_lactamase	caro_porin	cau_beta_lactamase	cbla_beta_lactamase	cbp_beta_lactamase	cda_beta_lactamase_ctx_m_beta_lactamase_shv_beta_lactamase_tem_beta_lactamase	cdd_beta_lactamase	cepa_beta_lactamase	ceps_beta_lactamase	cfia_beta_lactamase	cfr_23s_ribosomal_rna_methyltransferase	cfxa_beta_lactamase	cga_beta_lactamase	cgb_beta_lactamase	chloramphenicol_acetyltransferase_cat	chloramphenicol_phosphotransferase	cia_beta_lactamase	cim_beta_lactamase	cko_beta_lactamase	class_a_bacillus_anthracis_bla_beta_lactamase	class_a_bacillus_cereus_bc_beta_lactamase	class_a_lra_beta_lactamase	class_a_mycobacterium_abscessus_beta_lactamase	class_a_mycobacterium_tuberculosis_bla_beta_lactamase	class_c_lra_beta_lactamase	class_c_lra_beta_lactamase_class_d_lra_beta_lactamase	cma_beta_lactamase	cme_beta_lactamase	cmh_beta_lactamase	cmy_beta_lactamase	cmy_beta_lactamase_ctx_m_beta_lactamase_imp_beta_lactamase_kpc_beta_lactamase_nd	cpa_acetyltransferase	cpha_beta_lactamase	cps_beta_lactamase	crd3_beta_lactamase	crh_beta_lactamase	crp_beta_lactamase	csa_beta_lactamase	csp_beta_lactamase	ctx_m_beta_lactamase	cvi_beta_lactamase	des_beta_lactamase	dha_beta_lactamase	dht2_beta_lactamase	dim_beta_lactamase	eam_beta_lactamase	ebr_beta_lactamase	ec_beta_lactamase	ecf_transporter_s_component	ecm_beta_lactamase	ecv_beta_lactamase	efm_beta_lactamase	elm_beta_lactamase	erm_23s_ribosomal_rna_methyltransferase	erp_beta_lactamase	esp_beta_lactamase	evm_beta_lactamase	exo_beta_lactamase	far_beta_lactamase	fez_beta_lactamase	fia_beta_lactamase	fim_beta_lactamase	fona_beta_lactamase	fosfomycin_thiol_transferase	fox_beta_lactamase	fph_beta_lactamase	fri_beta_lactamase	ftu_beta_lactamase	general_bacterial_porin_with_reduced_permeability_to_beta_lactams	general_bacterial_porin_with_reduced_permeability_to_beta_lactams_resistance_nod	ges_beta_lactamase	gil_beta_lactamase	gim_beta_lactamase	gima_family_macrolide_glycosyltransferase	glycopeptide_resistance_gene_cluster_vanh	glycopeptide_resistance_gene_cluster_vank	glycopeptide_resistance_gene_cluster_vanr	glycopeptide_resistance_gene_cluster_vans	glycopeptide_resistance_gene_cluster_vant	glycopeptide_resistance_gene_cluster_vanu	glycopeptide_resistance_gene_cluster_vanv	glycopeptide_resistance_gene_cluster_vanw	glycopeptide_resistance_gene_cluster_vanx	glycopeptide_resistance_gene_cluster_vanxy	glycopeptide_resistance_gene_cluster_vany	glycopeptide_resistance_gene_cluster_vanz	gmb_beta_lactamase	gob_beta_lactamase	gpc_beta_lactamase	grd23_beta_lactamase	grd33_beta_lactamase	helicase_like_rna_polymerase_protection_protein	hera_beta_lactamase	hmb_beta_lactamase	idc_beta_lactamase	imi_beta_lactamase	imp_beta_lactamase	ind_beta_lactamase	intrinsic_colistin_resistant_phosphoethanolamine_transferase	john_beta_lactamase	kbl_beta_lactamase	kdpde	khm_beta_lactamase	kluc_beta_lactamase	kpc_beta_lactamase	l1_family_beta_lactamase	lap_beta_lactamase	laq_beta_lactamase	lcr_beta_lactamase	len_beta_lactamase	lhk_beta_lactamase	lincosamide_nucleotidyltransferase_lnu	lipid_a_acyltransferase_polymyxin_resistance_operon	llm_23s_ribosomal_rna_methyltransferase	lmb_beta_lactamase	lrg_beta_lactamase	lsa_type_abc_f_protein	lus_beta_lactamase	lut_beta_lactamase	macrolide_esterase	macrolide_phosphotransferase_mph	major_facilitator_superfamily_mfs_antibiotic_efflux_pump	major_facilitator_superfamily_mfs_antibiotic_efflux_pump_resistance_nodulation_c	mal_beta_lactamase	mbl_beta_lactamase	mcr_phosphoethanolamine_transferase	metal_transporters_with_antibiotic_efflux	methicillin_resistant_pbp2	mgt_macrolide_glycotransferase	mipa_interacting_protein	mir_beta_lactamase	miscellaneous_abc_f_subfamily_atp_binding_cassette_ribosomal_protection_proteins	moc_beta_lactamase	mor_beta_lactamase	mox_beta_lactamase	msi_beta_lactamase	msi_oxa_family_beta_lactamase	msr_type_abc_f_protein	multidrug_and_toxic_compound_extrusion_mate_transporter	mus_beta_lactamase	myo_beta_lactamase	myx_beta_lactamase	ndm_beta_lactamase	nmca_beta_lactamase	non_erm_23s_ribosomal_rna_methyltransferase_g748	nps_beta_lactamase	och_beta_lactamase	ohio_beta_lactamase	okp_beta_lactamase	ole_glycosyltransferase	orn_beta_lactamase	orr_beta_lactamase	outer_membrane_porin_opr	outer_membrane_porin_opr_resistance_nodulation_cell_division_rnd_antibiotic_effl	oxa_beta_lactamase	oxa_beta_lactamase_oxa_10_like_beta_lactamase	oxa_beta_lactamase_oxa_114_like_beta_lactamase	oxa_beta_lactamase_oxa_12_like_beta_lactamase	oxa_beta_lactamase_oxa_134_like_beta_lactamase	oxa_beta_lactamase_oxa_143_like_beta_lactamase	oxa_beta_lactamase_oxa_184_like_beta_lactamase	oxa_beta_lactamase_oxa_198_like_beta_lactamase	oxa_beta_lactamase_oxa_1_like_beta_lactamase	oxa_beta_lactamase_oxa_211_like_beta_lactamase	oxa_beta_lactamase_oxa_213_like_beta_lactamase	oxa_beta_lactamase_oxa_214_like_beta_lactamase	oxa_beta_lactamase_oxa_229_like_beta_lactamase	oxa_beta_lactamase_oxa_22_like_beta_lactamase	oxa_beta_lactamase_oxa_23_like_beta_lactamase	oxa_beta_lactamase_oxa_24_like_beta_lactamase	oxa_beta_lactamase_oxa_266_like_beta_lactamase	oxa_beta_lactamase_oxa_274_like_beta_lactamase	oxa_beta_lactamase_oxa_286_like_beta_lactamase	oxa_beta_lactamase_oxa_294_like_beta_lactamase	oxa_beta_lactamase_oxa_2_like_beta_lactamase	oxa_beta_lactamase_oxa_364_like_beta_lactamase	oxa_beta_lactamase_oxa_372_like_beta_lactamase	oxa_beta_lactamase_oxa_427_like_beta_lactamase	oxa_beta_lactamase_oxa_42_like_beta_lactamase	oxa_beta_lactamase_oxa_46_like_beta_lactamase	oxa_beta_lactamase_oxa_48_like_beta_lactamase	oxa_beta_lactamase_oxa_493_like_beta_lactamase	oxa_beta_lactamase_oxa_50_like_beta_lactamase	oxa_beta_lactamase_oxa_51_like_beta_lactamase	oxa_beta_lactamase_oxa_548_like_beta_lactamase	oxa_beta_lactamase_oxa_55_like_beta_lactamase	oxa_beta_lactamase_oxa_58_like_beta_lactamase	oxa_beta_lactamase_oxa_5_like_beta_lactamase	oxa_beta_lactamase_oxa_60_like_beta_lactamase	oxa_beta_lactamase_oxa_61_like_beta_lactamase	oxa_beta_lactamase_oxa_62_like_beta_lactamase	oxa_beta_lactamase_oxa_63_like_beta_lactamase	oxa_beta_lactamase_oxa_679_like_beta_lactamase	oxa_beta_lactamase_oxa_727_like_beta_lactamase	oxa_beta_lactamase_oxa_9_like_beta_lactamase	oxy_beta_lactamase	pac_beta_lactamase	pam_beta_lactamase	pau_beta_lactamase	pdc_beta_lactamase	per_beta_lactamase	pfm_beta_lactamase	phenotypic_variant_regulator	pjm_beta_lactamase	pla_beta_lactamase	pln_beta_lactamase	pme_beta_lactamase	pngm_beta_lactamase	pom_beta_lactamase	prc_beta_lactamase	pst_beta_lactamase	psv_beta_lactamase	psz_beta_lactamase	quinolone_resistance_protein_qnr	r39_beta_lactamase	rad_beta_lactamase	rahn_beta_lactamase	rata_beta_lactamase	rbpa_bacterial_rna_polymerase_binding_protein	rcp_beta_lactamase	resistance_nodulation_cell_division_rnd_antibiotic_efflux_pump	rifampin_adp_ribosyltransferase_arr	rifampin_glycosyltransferase	rifampin_monooxygenase	rifampin_phosphotransferase	rifamycin_resistant_beta_subunit_of_rna_polymerase_rpob	rm3_family_beta_lactamase	rob_beta_lactamase	rsa2_beta_lactamase	rsa_beta_lactamase	rsd2_beta_lactamase	rub_beta_lactamase	sal_type_abc_f_protein	sco_beta_lactamase	sed_beta_lactamase	serine_threonine_kinases	sfc_beta_lactamase	sfh_beta_lactamase	sfo_beta_lactamase	sgm_beta_lactamase	shd_beta_lactamase	shn_beta_lactamase	shv_beta_lactamase	shw_beta_lactamase	sim_beta_lactamase	small_multidrug_resistance_smr_antibiotic_efflux_pump	smb_beta_lactamase	sme_beta_lactamase	spg_beta_lactamase	spm_beta_lactamase	spn79_beta_lactamase	spr_beta_lactamase	sps_beta_lactamase	spu_beta_lactamase	srt_beta_lactamase	ssa_beta_lactamase	sst_beta_lactamase	sta_beta_lactamase	subclass_b1_bacillus_anthracis_bla_beta_lactamase	subclass_b1_bacillus_cereus_bc_beta_lactamase	subclass_b1_bacteroides_xylanisolvens_crx_beta_lactamase	subclass_b1_pedo_beta_lactamase	subclass_b1_vibrio_cholerae_varg_beta_lactamase	subclass_b3_lra_beta_lactamase	subclass_b3_pedo_beta_lactamase	sugar_porin_sp	sulfonamide_resistant_sul	tem_beta_lactamase	ter_beta_lactamase	tetracycline_inactivation_enzyme	tetracycline_resistant_ribosomal_protection_protein	thin_b_beta_lactamase	tla_beta_lactamase	tmb_beta_lactamase	trimethoprim_resistant_dihydrofolate_reductase_dfr	tru_beta_lactamase	ttu_beta_lactamase	tus_beta_lactamase	vam_beta_lactamase	van_ligase_glycopeptide_resistance_gene_cluster	vanj_membrane_protein	vcc_beta_lactamase	veb_beta_lactamase	vga_type_abc_f_protein	vhh_beta_lactamase	vhw_beta_lactamase	vim_beta_lactamase	vmb_beta_lactamase	wus_beta_lactamase	yem_beta_lactamase	yrc_beta_lactamase	zog_beta_lactamase	16s_rrna_methyltransferase_a1408_hits	16s_rrna_methyltransferase_g1405_hits	aac_2_hits	aac_3_hits	aac_6_hits	aac_6_aac_6_ib_cr_hits	aak_beta_lactamase_hits	acc_beta_lactamase_hits	aci_beta_lactamase_hits	act_beta_lactamase_hits	adc_beta_lactamase_with_carbapenemase_activity_hits	adc_beta_lactamase_without_carbapenemase_activity_hits	adc_beta_lactamases_pending_classification_for_carbapenemase_activity_hits	aer_beta_lactamase_hits	afm_beta_lactamase_hits	aim_beta_lactamase_hits	alg11_beta_lactamase_hits	alg6_beta_lactamases_hits	ali_beta_lactamase_hits	alm_glycyl_carrier_protein_polymyxin_resistance_operon_hits	alm_glycyltransferase_polymyxin_resistance_operon_hits	aminoglycoside_bifunctional_resistance_protein_hits	ampc_type_beta_lactamase_hits	amz_beta_lactamase_hits	ana_beta_lactamase_hits	ant_2_hits	ant_3_hits	ant_4_hits	ant_6_hits	ant_9_hits	antibiotic_resistant_cya_adenylate_cyclase_hits	antibiotic_resistant_mura_transferase_hits	antibiotic_resistant_uhpt_hits	aph_2_hits	aph_3_hits	aph_4_hits	aph_6_hits	aph_7_hits	aph_9_hits	aqu_beta_lactamase_hits	arl_beta_lactamase_hits	ast_beta_lactamase_hits	atp_binding_cassette_abc_antibiotic_efflux_pump_hits	atp_binding_cassette_abc_antibiotic_efflux_pump_general_bacterial_porin_with_red_hits	atp_binding_cassette_abc_antibiotic_efflux_pump_major_facilitator_superfamily_mf_hits	axc_beta_lactamase_hits	bat_beta_lactamase_hits	bcl_beta_lactamase_hits	bel_beta_lactamase_hits	bes_beta_lactamase_hits	bic_beta_lactamase_hits	bil_beta_lactamase_hits	bjp_beta_lactamase_hits	bkc_beta_lactamase_hits	blaa_beta_lactamase_hits	blab_beta_lactamase_hits	blaf_family_beta_lactamase_hits	blas_hits	blaz_beta_lactamase_hits	bleomycin_resistant_protein_hits	bpu_beta_lactamase_hits	bro_beta_lactamase_hits	bsu_beta_lactamase_hits	but_beta_lactamase_hits	cae_beta_lactamase_hits	cam_beta_lactamase_hits	capreomycin_phosphotransferase_hits	car_beta_lactamase_hits	carb_beta_lactamase_hits	caro_porin_hits	cau_beta_lactamase_hits	cbla_beta_lactamase_hits	cbp_beta_lactamase_hits	cda_beta_lactamase_ctx_m_beta_lactamase_shv_beta_lactamase_tem_beta_lactamase_hits	cdd_beta_lactamase_hits	cepa_beta_lactamase_hits	ceps_beta_lactamase_hits	cfia_beta_lactamase_hits	cfr_23s_ribosomal_rna_methyltransferase_hits	cfxa_beta_lactamase_hits	cga_beta_lactamase_hits	cgb_beta_lactamase_hits	chloramphenicol_acetyltransferase_cat_hits	chloramphenicol_phosphotransferase_hits	cia_beta_lactamase_hits	cim_beta_lactamase_hits	cko_beta_lactamase_hits	class_a_bacillus_anthracis_bla_beta_lactamase_hits	class_a_bacillus_cereus_bc_beta_lactamase_hits	class_a_lra_beta_lactamase_hits	class_a_mycobacterium_abscessus_beta_lactamase_hits	class_a_mycobacterium_tuberculosis_bla_beta_lactamase_hits	class_c_lra_beta_lactamase_hits	class_c_lra_beta_lactamase_class_d_lra_beta_lactamase_hits	cma_beta_lactamase_hits	cme_beta_lactamase_hits	cmh_beta_lactamase_hits	cmy_beta_lactamase_hits	cmy_beta_lactamase_ctx_m_beta_lactamase_imp_beta_lactamase_kpc_beta_lactamase_nd_hits	cpa_acetyltransferase_hits	cpha_beta_lactamase_hits	cps_beta_lactamase_hits	crd3_beta_lactamase_hits	crh_beta_lactamase_hits	crp_beta_lactamase_hits	csa_beta_lactamase_hits	csp_beta_lactamase_hits	ctx_m_beta_lactamase_hits	cvi_beta_lactamase_hits	des_beta_lactamase_hits	dha_beta_lactamase_hits	dht2_beta_lactamase_hits	dim_beta_lactamase_hits	eam_beta_lactamase_hits	ebr_beta_lactamase_hits	ec_beta_lactamase_hits	ecf_transporter_s_component_hits	ecm_beta_lactamase_hits	ecv_beta_lactamase_hits	efm_beta_lactamase_hits	elm_beta_lactamase_hits	erm_23s_ribosomal_rna_methyltransferase_hits	erp_beta_lactamase_hits	esp_beta_lactamase_hits	evm_beta_lactamase_hits	exo_beta_lactamase_hits	far_beta_lactamase_hits	fez_beta_lactamase_hits	fia_beta_lactamase_hits	fim_beta_lactamase_hits	fona_beta_lactamase_hits	fosfomycin_thiol_transferase_hits	fox_beta_lactamase_hits	fph_beta_lactamase_hits	fri_beta_lactamase_hits	ftu_beta_lactamase_hits	general_bacterial_porin_with_reduced_permeability_to_beta_lactams_hits	general_bacterial_porin_with_reduced_permeability_to_beta_lactams_resistance_nod_hits	ges_beta_lactamase_hits	gil_beta_lactamase_hits	gim_beta_lactamase_hits	gima_family_macrolide_glycosyltransferase_hits	glycopeptide_resistance_gene_cluster_vanh_hits	glycopeptide_resistance_gene_cluster_vank_hits	glycopeptide_resistance_gene_cluster_vanr_hits	glycopeptide_resistance_gene_cluster_vans_hits	glycopeptide_resistance_gene_cluster_vant_hits	glycopeptide_resistance_gene_cluster_vanu_hits	glycopeptide_resistance_gene_cluster_vanv_hits	glycopeptide_resistance_gene_cluster_vanw_hits	glycopeptide_resistance_gene_cluster_vanx_hits	glycopeptide_resistance_gene_cluster_vanxy_hits	glycopeptide_resistance_gene_cluster_vany_hits	glycopeptide_resistance_gene_cluster_vanz_hits	gmb_beta_lactamase_hits	gob_beta_lactamase_hits	gpc_beta_lactamase_hits	grd23_beta_lactamase_hits	grd33_beta_lactamase_hits	helicase_like_rna_polymerase_protection_protein_hits	hera_beta_lactamase_hits	hmb_beta_lactamase_hits	idc_beta_lactamase_hits	imi_beta_lactamase_hits	imp_beta_lactamase_hits	ind_beta_lactamase_hits	intrinsic_colistin_resistant_phosphoethanolamine_transferase_hits	john_beta_lactamase_hits	kbl_beta_lactamase_hits	kdpde_hits	khm_beta_lactamase_hits	kluc_beta_lactamase_hits	kpc_beta_lactamase_hits	l1_family_beta_lactamase_hits	lap_beta_lactamase_hits	laq_beta_lactamase_hits	lcr_beta_lactamase_hits	len_beta_lactamase_hits	lhk_beta_lactamase_hits	lincosamide_nucleotidyltransferase_lnu_hits	lipid_a_acyltransferase_polymyxin_resistance_operon_hits	llm_23s_ribosomal_rna_methyltransferase_hits	lmb_beta_lactamase_hits	lrg_beta_lactamase_hits	lsa_type_abc_f_protein_hits	lus_beta_lactamase_hits	lut_beta_lactamase_hits	macrolide_esterase_hits	macrolide_phosphotransferase_mph_hits	major_facilitator_superfamily_mfs_antibiotic_efflux_pump_hits	major_facilitator_superfamily_mfs_antibiotic_efflux_pump_resistance_nodulation_c_hits	mal_beta_lactamase_hits	mbl_beta_lactamase_hits	mcr_phosphoethanolamine_transferase_hits	metal_transporters_with_antibiotic_efflux_hits	methicillin_resistant_pbp2_hits	mgt_macrolide_glycotransferase_hits	mipa_interacting_protein_hits	mir_beta_lactamase_hits	miscellaneous_abc_f_subfamily_atp_binding_cassette_ribosomal_protection_proteins_hits	moc_beta_lactamase_hits	mor_beta_lactamase_hits	mox_beta_lactamase_hits	msi_beta_lactamase_hits	msi_oxa_family_beta_lactamase_hits	msr_type_abc_f_protein_hits	multidrug_and_toxic_compound_extrusion_mate_transporter_hits	mus_beta_lactamase_hits	myo_beta_lactamase_hits	myx_beta_lactamase_hits	ndm_beta_lactamase_hits	nmca_beta_lactamase_hits	non_erm_23s_ribosomal_rna_methyltransferase_g748_hits	nps_beta_lactamase_hits	och_beta_lactamase_hits	ohio_beta_lactamase_hits	okp_beta_lactamase_hits	ole_glycosyltransferase_hits	orn_beta_lactamase_hits	orr_beta_lactamase_hits	outer_membrane_porin_opr_hits	outer_membrane_porin_opr_resistance_nodulation_cell_division_rnd_antibiotic_effl_hits	oxa_beta_lactamase_hits	oxa_beta_lactamase_oxa_10_like_beta_lactamase_hits	oxa_beta_lactamase_oxa_114_like_beta_lactamase_hits	oxa_beta_lactamase_oxa_12_like_beta_lactamase_hits	oxa_beta_lactamase_oxa_134_like_beta_lactamase_hits	oxa_beta_lactamase_oxa_143_like_beta_lactamase_hits	oxa_beta_lactamase_oxa_184_like_beta_lactamase_hits	oxa_beta_lactamase_oxa_198_like_beta_lactamase_hits	oxa_beta_lactamase_oxa_1_like_beta_lactamase_hits	oxa_beta_lactamase_oxa_211_like_beta_lactamase_hits	oxa_beta_lactamase_oxa_213_like_beta_lactamase_hits	oxa_beta_lactamase_oxa_214_like_beta_lactamase_hits	oxa_beta_lactamase_oxa_229_like_beta_lactamase_hits	oxa_beta_lactamase_oxa_22_like_beta_lactamase_hits	oxa_beta_lactamase_oxa_23_like_beta_lactamase_hits	oxa_beta_lactamase_oxa_24_like_beta_lactamase_hits	oxa_beta_lactamase_oxa_266_like_beta_lactamase_hits	oxa_beta_lactamase_oxa_274_like_beta_lactamase_hits	oxa_beta_lactamase_oxa_286_like_beta_lactamase_hits	oxa_beta_lactamase_oxa_294_like_beta_lactamase_hits	oxa_beta_lactamase_oxa_2_like_beta_lactamase_hits	oxa_beta_lactamase_oxa_364_like_beta_lactamase_hits	oxa_beta_lactamase_oxa_372_like_beta_lactamase_hits	oxa_beta_lactamase_oxa_427_like_beta_lactamase_hits	oxa_beta_lactamase_oxa_42_like_beta_lactamase_hits	oxa_beta_lactamase_oxa_46_like_beta_lactamase_hits	oxa_beta_lactamase_oxa_48_like_beta_lactamase_hits	oxa_beta_lactamase_oxa_493_like_beta_lactamase_hits	oxa_beta_lactamase_oxa_50_like_beta_lactamase_hits	oxa_beta_lactamase_oxa_51_like_beta_lactamase_hits	oxa_beta_lactamase_oxa_548_like_beta_lactamase_hits	oxa_beta_lactamase_oxa_55_like_beta_lactamase_hits	oxa_beta_lactamase_oxa_58_like_beta_lactamase_hits	oxa_beta_lactamase_oxa_5_like_beta_lactamase_hits	oxa_beta_lactamase_oxa_60_like_beta_lactamase_hits	oxa_beta_lactamase_oxa_61_like_beta_lactamase_hits	oxa_beta_lactamase_oxa_62_like_beta_lactamase_hits	oxa_beta_lactamase_oxa_63_like_beta_lactamase_hits	oxa_beta_lactamase_oxa_679_like_beta_lactamase_hits	oxa_beta_lactamase_oxa_727_like_beta_lactamase_hits	oxa_beta_lactamase_oxa_9_like_beta_lactamase_hits	oxy_beta_lactamase_hits	pac_beta_lactamase_hits	pam_beta_lactamase_hits	pau_beta_lactamase_hits	pdc_beta_lactamase_hits	per_beta_lactamase_hits	pfm_beta_lactamase_hits	phenotypic_variant_regulator_hits	pjm_beta_lactamase_hits	pla_beta_lactamase_hits	pln_beta_lactamase_hits	pme_beta_lactamase_hits	pngm_beta_lactamase_hits	pom_beta_lactamase_hits	prc_beta_lactamase_hits	pst_beta_lactamase_hits	psv_beta_lactamase_hits	psz_beta_lactamase_hits	quinolone_resistance_protein_qnr_hits	r39_beta_lactamase_hits	rad_beta_lactamase_hits	rahn_beta_lactamase_hits	rata_beta_lactamase_hits	rbpa_bacterial_rna_polymerase_binding_protein_hits	rcp_beta_lactamase_hits	resistance_nodulation_cell_division_rnd_antibiotic_efflux_pump_hits	rifampin_adp_ribosyltransferase_arr_hits	rifampin_glycosyltransferase_hits	rifampin_monooxygenase_hits	rifampin_phosphotransferase_hits	rifamycin_resistant_beta_subunit_of_rna_polymerase_rpob_hits	rm3_family_beta_lactamase_hits	rob_beta_lactamase_hits	rsa2_beta_lactamase_hits	rsa_beta_lactamase_hits	rsd2_beta_lactamase_hits	rub_beta_lactamase_hits	sal_type_abc_f_protein_hits	sco_beta_lactamase_hits	sed_beta_lactamase_hits	serine_threonine_kinases_hits	sfc_beta_lactamase_hits	sfh_beta_lactamase_hits	sfo_beta_lactamase_hits	sgm_beta_lactamase_hits	shd_beta_lactamase_hits	shn_beta_lactamase_hits	shv_beta_lactamase_hits	shw_beta_lactamase_hits	sim_beta_lactamase_hits	small_multidrug_resistance_smr_antibiotic_efflux_pump_hits	smb_beta_lactamase_hits	sme_beta_lactamase_hits	spg_beta_lactamase_hits	spm_beta_lactamase_hits	spn79_beta_lactamase_hits	spr_beta_lactamase_hits	sps_beta_lactamase_hits	spu_beta_lactamase_hits	srt_beta_lactamase_hits	ssa_beta_lactamase_hits	sst_beta_lactamase_hits	sta_beta_lactamase_hits	subclass_b1_bacillus_anthracis_bla_beta_lactamase_hits	subclass_b1_bacillus_cereus_bc_beta_lactamase_hits	subclass_b1_bacteroides_xylanisolvens_crx_beta_lactamase_hits	subclass_b1_pedo_beta_lactamase_hits	subclass_b1_vibrio_cholerae_varg_beta_lactamase_hits	subclass_b3_lra_beta_lactamase_hits	subclass_b3_pedo_beta_lactamase_hits	sugar_porin_sp_hits	sulfonamide_resistant_sul_hits	tem_beta_lactamase_hits	ter_beta_lactamase_hits	tetracycline_inactivation_enzyme_hits	tetracycline_resistant_ribosomal_protection_protein_hits	thin_b_beta_lactamase_hits	tla_beta_lactamase_hits	tmb_beta_lactamase_hits	trimethoprim_resistant_dihydrofolate_reductase_dfr_hits	tru_beta_lactamase_hits	ttu_beta_lactamase_hits	tus_beta_lactamase_hits	vam_beta_lactamase_hits	van_ligase_glycopeptide_resistance_gene_cluster_hits	vanj_membrane_protein_hits	vcc_beta_lactamase_hits	veb_beta_lactamase_hits	vga_type_abc_f_protein_hits	vhh_beta_lactamase_hits	vhw_beta_lactamase_hits	vim_beta_lactamase_hits	vmb_beta_lactamase_hits	wus_beta_lactamase_hits	yem_beta_lactamase_hits	yrc_beta_lactamase_hits	zog_beta_lactamase_hits
1001988.3	Escherichia coli PCN009	1001988	Susceptible	19	0	0	0	0	0	0	0	0	0	0	0	0	0	0	0	0	0	0	0	0	0	0	0	0	0	0	0	0	0	0	0	0	1	0	0	0	0	0	0	0	0	0	0	0	0	0	0	0	0	0	0	0	0	0	0	0	0	0	0	0	0	0	0	0	0	0	0	0	0	0	0	0	0	0	0	0	0	0	0	0	0	0	0	0	0	0	0	0	0	0	0	0	0	0	0	0	0	0	0	0	0	0	0	0	0	0	0	0	0	0	0	0	0	0	0	0	0	0	0	0	0	0	0	0	0	0	0	0	0	0	0	0	0	0	0	0	0	0	0	0	0	0	0	0	0	0	0	0	0	0	0	0	0	0	0	0	0	0	0	0	0	0	0	0	0	0	0	0	0	0	0	0	0	0	0	0	0	0	0	0	0	0	0	0	0	0	0	0	0	0	1	0	0	0	0	0	0	0	0	0	0	0	0	0	0	0	0	0	0	0	0	0	0	0	0	0	0	0	0	0	0	0	0	0	0	0	0	0	0	0	0	0	0	0	0	0	0	0	0	0	0	0	0	0	0	0	0	0	0	0	0	0	0	0	0	0	0	0	0	0	0	0	0	0	0	0	0	0	0	0	0	0	0	0	0	0	0	0	0	0	0	0	0	0	0	0	0	0	0	0	0	0	0	0	0	0	0	0	0	0	0	0	0	0	0	0	0	0	0	0	0	0	0	0	0	0	0	0	0	0	0	0	0	0	0	0	0	0	0	0	0	0	0	0	0	0	0	0	0	0	0	0	0	0	0	0	0	0	0	0	0	0	0	0	0	0	0	0	0	0	0	0	0	0	0	0	0	0	0	0	0	0	0	0	0	0	0	0	0	0	0	0	0	0	0	0	0	0	0	0	0	0	5	0	0	0	0	0	0	0	0	0	0	0	0	0	0	0	0	0	0	0	0	0	0	0	0	0	0	0	0	0	0	0	0	0	0	0	0	0	0	0	0	0	0	0	0	0	0	0	0	0	0	0	0	0	0	0	0	0	0	0	0	0	0	0	0	0	0	0	0	0	0	0	0	0	0	0	0	0	0	0	0	0	0	0	0	0	0	0	0	0	0	0	0	0	0	0	0	0	0	0	0	0	0	0	0	0	0	0	0	0	0	0	0	0	0	0	0	0	0	0	0	0	0	0	0	0	0	0	0	0	0	0	0	0	0	0	0	0	0	0	0	0	0	0	0	0	0	0	0	0	0	0	0	0	0	0	0	0	5	0	0	0	0	0	0	0	0	0	0	0	0	0	0	0	0	0	0	0	0	0	0	0	0	0	0	0	0	0	0	0	0	0	0	0	0	0	0	0	0	0	0	0	0	0	0	0	0	0	0	0	0	0	0	0	0	0	0	0	0	0	0	0	0	0	0	0	0	0	0	0	0	0	0	0	0	0	0	0	0	0	0	0	0	0	0	0	0	0	0	0	0	0	0	0	0	0	0	0	0	0	0	0	0	0	0	0	0	0	0	0	0	0	0	0	0	0	0	0	0	0	0	0	0	0	0	0	0	0	0	0	0	0	0	0	0	0	0	0	0	0	0	0	0	0	0	0	0	0	0	0	0	0	0	0	0	0	0	0	0	0	0	0	0	0	0	0	0	0
1001989.12	Escherichia coli PCN033	1001989	Susceptible	19	0	0	0	0	0	0	0	0	0	0	0	0	0	0	0	0	0	0	0	0	0	0	0	0	0	0	0	0	0	0	0	0	0	0	0	0	0	0	0	0	0	0	0	0	0	0	0	0	0	0	0	0	0	0	0	0	0	0	0	0	0	0	0	0	0	0	0	0	0	0	0	0	0	0	0	0	0	0	0	0	0	0	0	0	0	0	0	0	0	0	0	0	0	0	0	0	0	0	0	0	0	0	0	0	0	0	0	0	0	0	0	0	0	0	0	0	0	0	0	0	0	0	0	0	0	0	0	0	0	0	0	0	0	0	0	0	0	0	0	0	0	0	0	0	0	0	0	0	0	0	0	0	0	0	0	0	0	0	0	0	0	0	0	0	0	0	0	0	0	0	0	0	0	0	0	0	0	0	0	0	0	0	0	0	0	0	0	0	0	0	0	0	0	0	0	0	0	0	0	0	0	0	0	0	0	0	0	0	0	0	0	0	0	0	0	0	0	0	0	0	0	0	0	0	0	0	0	0	0	0	0	0	0	0	0	0	0	0	0	0	0	0	0	0	0	0	0	0	0	0	0	0	0	0	0	0	0	0	0	0	0	0	0	0	0	0	0	0	0	0	0	0	0	0	0	0	0	0	0	0	0	0	0	0	0	0	0	0	0	0	0	0	0	0	0	0	0	0	0	0	0	0	0	0	0	0	0	0	0	0	0	0	0	0	0	0	0	0	0	0	0	0	0	0	0	0	0	0	0	0	0	0	0	0	0	0	0	0	0	0	0	0	0	0	0	0	0	0	0	0	0	0	0	0	0	0	0	0	0	0	0	0	0	0	0	0	0	0	0	0	0	0	0	0	0	0	0	0	0	0	0	0	0	0	0	0	0	0	0	0	0	0	0	0	0	0	0	0	0	0	0	0	0	0	0	0	0	0	0	0	0	0	0	0	0	0	0	0	0	0	0	0	0	0	0	0	0	0	0	0	0	0	0	0	0	0	0	0	0	0	0	0	0	0	0	0	0	0	0	0	0	0	0	0	0	0	0	0	0	0	0	0	0	0	0	0	0	0	0	0	0	0	0	0	0	0	0	0	0	0	0	0	0	0	0	0	0	0	0	0	0	0	0	0	0	0	0	0	0	0	0	0	0	0	0	0	0	0	0	0	0	0	0	0	0	0	0	0	0	0	0	0	0	0	0	0	0	0	0	0	0	0	0	0	0	0	0	0	0	0	0	0	0	0	0	0	0	0	0	0	0	0	0	0	0	0	0	0	0	0	0	0	0	0	0	0	0	0	0	0	0	0	0	0	0	0	0	0	0	0	0	0	0	0	0	0	0	0	0	0	0	0	0	0	0	0	0	0	0	0	0	0	0	0	0	0	0	0	0	0	0	0	0	0	0	0	0	0	0	0	0	0	0	0	0	0	0	0	0	0	0	0	0	0	0	0	0	0	0	0	0	0	0	0	0	0	0	0	0	0	0	0	0	0	0	0	0	0	0	0	0	0	0	0	0	0	0	0	0	0	0	0	0	0	0	0	0	0	0	0	0	0	0	0	0	0	0	0	0	0	0	0	0	0	0	0	0	0	0	0	0	0	0	0	0	0	0	0	0	0	0	0	0	0	0	0	0	0	0	0
1001989.13	Escherichia coli PCN033	1001989	Susceptible	19	0	0	0	0	0	0	0	0	0	0	0	0	0	0	0	0	0	0	0	0	0	0	0	0	0	0	0	0	0	0	0	0	0	0	0	0	0	0	0	0	0	0	0	0	0	0	0	0	0	0	0	0	0	0	0	0	0	0	0	0	0	0	0	0	0	0	0	0	0	0	0	0	0	0	0	0	0	0	0	0	0	0	0	0	0	0	0	0	0	0	0	0	0	0	0	0	0	0	0	0	0	0	0	0	0	0	0	0	0	0	0	0	0	0	0	0	0	0	0	0	0	0	0	0	0	0	0	0	0	0	0	0	0	0	0	0	0	0	0	0	0	0	0	0	0	0	0	0	0	0	0	0	0	0	0	0	0	0	0	0	0	0	0	0	0	0	0	0	0	0	0	0	0	0	0	0	0	0	0	0	0	0	0	0	0	0	0	0	0	0	0	0	0	0	0	0	0	0	0	0	0	0	0	0	0	0	0	0	0	0	0	0	0	0	0	0	0	0	0	0	0	0	0	0	0	0	0	0	0	0	0	0	0	0	0	0	0	0	0	0	0	0	0	0	0	0	0	0	0	0	0	0	0	0	0	0	0	0	0	0	0	0	0	0	0	0	0	0	0	0	0	0	0	0	0	0	0	0	0	0	0	0	0	0	0	0	0	0	0	0	0	0	0	0	0	0	0	0	0	0	0	0	0	0	0	0	0	0	0	0	0	0	0	0	0	0	0	0	0	0	0	0	0	0	0	0	0	0	0	0	0	0	0	0	0	0	0	0	0	0	0	0	0	0	0	0	0	0	0	0	0	0	0	0	0	0	0	0	0	0	0	0	0	0	0	0	0	0	0	0	0	0	0	0	0	0	0	0	0	0	0	0	0	0	0	0	0	0	0	0	0	0	0	0	0	0	0	0	0	0	0	0	0	0	0	0	0	0	0	0	0	0	0	0	0	0	0	0	0	0	0	0	0	0	0	0	0	0	0	0	0	0	0	0	0	0	0	0	0	0	0	0	0	0	0	0	0	0	0	0	0	0	0	0	0	0	0	0	0	0	0	0	0	0	0	0	0	0	0	0	0	0	0	0	0	0	0	0	0	0	0	0	0	0	0	0	0	0	0	0	0	0	0	0	0	0	0	0	0	0	0	0	0	0	0	0	0	0	0	0	0	0	0	0	0	0	0	0	0	0	0	0	0	0	0	0	0	0	0	0	0	0	0	0	0	0	0	0	0	0	0	0	0	0	0	0	0	0	0	0	0	0	0	0	0	0	0	0	0	0	0	0	0	0	0	0	0	0	0	0	0	0	0	0	0	0	0	0	0	0	0	0	0	0	0	0	0	0	0	0	0	0	0	0	0	0	0	0	0	0	0	0	0	0	0	0	0	0	0	0	0	0	0	0	0	0	0	0	0	0	0	0	0	0	0	0	0	0	0	0	0	0	0	0	0	0	0	0	0	0	0	0	0	0	0	0	0	0	0	0	0	0	0	0	0	0	0	0	0	0	0	0	0	0	0	0	0	0	0	0	0	0	0	0	0	0	0	0	0	0	0	0	0	0	0	0	0	0	0	0	0	0	0	0	0	0	0	0	0	0	0	0	0	0	0	0	0	0	0	0	0	0	0	0	0	0	0	0	0	0
1001989.14	Escherichia coli PCN033	1001989	Susceptible	19	0	0	0	1	0	0	0	0	0	0	0	0	0	0	0	0	0	0	0	0	0	0	0	0	0	0	1	0	0	0	0	0	0	0	1	0	1	0	0	0	0	0	0	0	0	0	0	0	0	0	0	0	0	0	0	0	0	0	0	0	0	0	0	0	0	0	0	0	0	0	0	0	0	0	0	0	0	0	0	0	0	0	0	0	0	0	0	0	0	0	0	0	0	0	0	0	0	0	0	0	0	0	0	0	0	0	0	0	0	0	0	0	0	0	0	0	0	0	0	0	0	0	0	0	0	0	0	0	0	0	0	0	0	0	0	0	0	0	0	0	0	0	0	0	0	0	0	0	0	0	0	0	0	0	0	0	0	0	0	0	0	0	0	0	0	0	0	0	0	0	0	0	0	0	0	0	0	0	0	0	0	0	0	0	0	0	0	0	0	0	0	0	0	0	0	0	0	0	0	0	0	0	0	0	0	0	0	0	0	0	0	0	0	0	0	0	0	0	0	0	0	0	0	0	0	0	0	0	0	0	0	0	0	0	0	0	0	0	0	0	0	0	0	0	0	0	0	0	0	0	0	0	0	0	0	0	0	0	0	0	0	0	0	0	0	0	0	0	0	0	0	0	0	0	0	0	0	0	0	0	0	0	0	0	0	0	0	0	0	0	0	0	0	0	0	0	0	0	0	0	0	0	0	0	0	0	0	0	0	0	0	0	0	0	0	0	0	0	0	0	0	0	0	0	0	0	0	0	0	0	0	0	0	0	1	1	0	0	0	0	0	0	0	0	0	0	0	0	0	0	0	0	0	0	0	0	0	0	0	0	0	0	0	1	0	0	0	0	0	0	0	0	0	0	0	0	0	0	0	0	0	0	0	0	0	0	1	0	0	0	0	0	0	0	4	0	5	0	0	0	0	0	0	0	0	0	0	0	0	0	0	0	0	0	0	0	0	0	0	0	0	0	0	0	0	0	0	0	0	0	0	0	0	0	0	0	0	0	0	0	0	0	0	0	0	0	0	0	0	0	0	0	0	0	0	0	0	0	0	0	0	0	0	0	0	0	0	0	0	0	0	0	0	0	0	0	0	0	0	0	0	0	0	0	0	0	0	0	0	0	0	0	0	0	0	0	0	0	0	0	0	0	0	0	0	0	0	0	0	0	0	0	0	0	0	0	0	0	0	0	0	0	0	0	0	0	0	0	0	0	0	0	0	0	0	0	0	0	0	0	0	0	0	0	0	0	0	0	0	0	0	0	0	0	0	0	0	0	0	0	0	0	0	0	0	0	0	0	0	0	0	0	0	0	0	0	0	0	0	0	0	0	0	0	0	0	0	0	0	0	0	0	0	0	0	0	0	0	0	0	0	0	0	0	0	0	0	0	0	0	0	0	0	0	0	0	0	0	0	0	0	0	0	0	0	0	0	0	0	0	0	0	0	0	0	0	0	0	0	0	0	0	0	0	0	0	0	0	0	0	0	0	0	0	0	0	0	0	0	0	0	0	0	0	0	0	0	0	0	0	0	0	0	0	0	0	0	0	0	0	0	0	0	0	0	0	0	0	0	0	0	0	0	0	3	14	0	0	0	0	0	0	0	0	0	0	0	0	0	0	0	0	0	0	0	0	0	0	0	0
1001989.3	Escherichia coli PCN033	1001989	Susceptible	19	0	0	0	0	0	0	0	0	0	0	0	0	0	0	0	0	0	0	0	0	0	0	1	0	0	0	0	0	0	0	0	0	0	0	0	0	0	0	0	0	0	0	0	0	0	0	0	0	0	0	0	0	0	0	0	0	0	0	0	0	0	0	0	0	0	0	0	0	0	0	0	0	0	0	0	0	0	0	0	0	0	0	0	0	0	0	0	0	0	0	0	0	0	0	0	0	0	0	0	0	0	0	0	0	0	0	0	0	0	0	0	0	0	0	0	1	0	0	0	0	0	0	0	0	0	0	0	0	0	0	0	0	0	0	0	0	0	0	0	0	0	0	0	0	0	0	0	0	0	0	0	0	0	0	0	0	0	0	0	0	0	0	0	0	0	0	0	0	0	0	0	0	0	0	0	0	0	0	0	0	0	0	0	0	0	0	0	0	0	0	0	0	0	0	0	0	0	0	0	0	0	0	0	0	0	0	0	0	0	0	0	0	0	0	0	0	0	0	0	0	0	0	0	0	0	0	0	0	0	0	0	0	0	0	0	0	0	0	0	0	0	0	0	0	0	0	0	0	0	0	0	0	0	0	0	0	0	0	0	0	0	0	0	0	0	0	0	0	0	0	0	0	0	0	0	0	0	0	0	0	0	0	0	0	0	0	0	0	0	0	0	0	0	0	0	0	0	0	0	0	0	0	0	0	0	0	0	0	0	0	0	0	0	0	0	0	0	0	0	0	0	0	0	0	0	0	0	0	0	0	0	0	0	0	0	0	0	0	0	0	0	0	0	0	0	0	0	0	0	0	0	0	0	0	0	0	0	0	0	0	0	0	0	0	0	0	0	0	0	0	0	0	0	0	0	0	0	0	0	0	0	0	1	0	0	0	0	0	0	0	0	0	0	0	0	0	0	0	0	0	0	0	0	0	0	0	0	0	0	0	0	0	0	0	0	0	0	0	0	0	0	0	0	0	0	0	0	0	0	0	0	0	0	0	0	0	0	0	0	0	0	0	0	0	0	0	0	0	0	0	0	0	0	0	0	0	0	0	0	0	0	0	0	0	0	0	0	0	0	0	0	0	0	0	0	2	0	0	0	0	0	0	0	0	0	0	0	0	0	0	0	0	0	0	0	0	0	0	0	0	0	0	0	0	0	0	0	0	0	0	0	0	0	0	0	0	0	0	0	0	0	0	0	0	0	0	0	0	0	0	0	0	0	0	0	0	0	0	0	0	0	0	0	0	0	0	0	0	0	0	0	0	0	0	0	0	0	0	0	0	0	0	0	0	0	0	0	0	0	0	0	0	0	0	0	0	0	0	0	0	0	0	0	0	0	0	0	0	0	0	0	0	0	0	0	0	0	0	0	0	0	0	0	0	0	0	0	0	0	0	0	0	0	0	0	0	0	0	0	0	0	0	0	0	0	0	0	0	0	0	0	0	0	0	0	0	0	0	0	0	0	0	0	0	0	0	0	0	0	0	0	0	0	0	0	0	0	0	0	0	0	0	0	0	0	0	0	0	0	0	0	0	0	0	0	0	0	0	0	0	0	0	0	0	0	0	0	0	0	0	0	0	0	0	0	0	0	0	0	0	0	0	0	0	0	0	0	0	0	0	0	0	0	0	0	0	0	0	0	0
1001991.3	Escherichia coli PCN079	1001991	Susceptible	19	0	0	0	1	0	0	0	0	0	0	0	0	0	0	0	0	0	0	0	0	0	0	0	0	0	0	1	0	0	0	1	0	0	0	0	0	0	0	0	0	0	0	0	0	0	0	0	0	0	0	0	0	0	0	0	0	0	0	0	0	0	0	0	0	0	0	0	0	0	0	0	0	0	0	0	0	0	0	0	0	0	0	0	0	0	0	0	0	0	0	0	0	0	0	0	0	0	0	0	0	0	0	0	0	0	0	0	0	0	0	0	0	0	0	0	0	0	0	0	0	0	0	0	0	0	0	0	0	0	0	0	0	0	0	0	0	1	0	0	0	0	0	0	0	0	0	0	0	0	0	0	0	0	0	0	0	0	0	0	0	0	0	0	0	0	0	0	0	0	0	0	0	0	0	0	0	0	0	0	0	0	0	0	0	0	0	0	0	0	0	1	0	0	0	0	0	0	0	0	0	0	0	0	0	0	0	0	0	0	0	0	0	0	0	0	0	0	0	0	0	0	0	0	0	0	0	0	0	0	0	0	0	0	0	0	0	0	0	0	0	0	0	0	0	0	0	0	0	0	0	0	0	0	0	0	0	0	0	0	0	0	0	0	0	0	0	0	0	0	0	0	0	0	0	0	0	0	0	0	0	0	0	0	0	0	0	0	0	0	0	0	0	0	0	0	0	0	0	0	0	0	0	0	0	0	0	0	0	0	0	0	0	0	0	0	0	0	0	0	0	0	0	0	0	0	0	0	0	0	0	0	0	0	0	0	0	0	0	0	0	0	0	0	0	0	0	0	0	0	0	0	0	0	0	0	0	0	0	0	0	0	0	0	1	0	0	0	0	0	0	0	0	0	0	0	0	0	0	0	0	0	0	0	0	0	0	5	0	0	0	2	0	0	0	0	0	0	0	0	0	0	0	0	0	0	0	0	0	0	0	0	0	0	0	0	0	0	0	0	0	0	0	0	0	0	0	0	0	0	0	0	0	0	0	0	0	0	0	0	0	0	0	0	0	0	0	0	0	0	0	0	0	0	0	0	0	0	0	0	0	0	0	0	0	0	0	0	0	0	0	0	0	0	0	0	0	0	0	0	0	0	0	0	0	0	0	0	0	0	0	0	0	0	0	0	0	4	0	0	0	0	0	0	0	0	0	0	0	0	0	0	0	0	0	0	0	0	0	0	0	0	0	0	0	0	0	0	0	0	0	0	0	0	0	0	0	0	0	0	0	0	0	0	0	0	0	0	0	0	0	13	0	0	0	0	0	0	0	0	0	0	0	0	0	0	0	0	0	0	0	0	0	0	0	0	0	0	0	0	0	0	0	0	0	0	0	0	0	0	0	0	0	0	0	0	0	0	0	0	0	0	0	0	0	0	0	0	0	0	0	0	0	0	0	0	0	0	0	0	0	0	0	0	0	0	0	0	0	0	0	0	0	0	0	0	0	0	0	0	0	0	0	0	0	0	0	0	0	0	0	0	0	0	0	0	0	0	0	0	0	0	0	0	0	0	0	0	0	0	0	0	0	0	0	0	0	0	0	0	0	0	0	0	0	0	0	0	0	0	0	0	0	0	0	0	0	0	0	0	0	0	0	0	0	0	0	0	0	0	0	0	0	0	0	0	0	0	0	0	0
1004153.3	Escherichia coli AA86	1004153	Susceptible	19	0	0	0	0	0	0	0	0	0	0	0	0	0	0	0	0	0	0	0	0	0	0	1	0	0	0	0	0	0	0	1	0	1	0	0	0	0	0	0	0	0	0	0	1	1	0	0	0	0	0	0	0	0	0	0	0	0	0	0	0	0	0	0	0	0	0	0	0	0	0	0	0	0	0	0	0	0	0	0	0	0	0	0	0	0	0	0	0	0	0	0	0	0	0	0	0	0	0	0	0	0	0	0	0	0	0	0	0	0	0	0	0	0	0	0	1	0	0	0	0	0	0	0	0	0	0	0	0	0	0	0	0	0	0	0	0	1	1	0	0	0	0	0	0	0	0	0	0	0	0	0	0	0	0	0	0	0	0	0	0	0	0	0	0	0	0	0	0	0	1	0	0	0	0	0	0	0	0	0	0	0	0	0	0	0	0	0	0	0	0	1	0	0	0	0	0	0	1	0	0	0	0	0	0	0	0	0	0	0	0	0	0	0	0	0	0	0	0	0	0	0	0	0	0	0	0	0	0	0	0	0	0	0	0	0	0	0	0	0	0	0	0	0	0	0	0	0	0	0	0	0	0	0	0	0	0	0	0	0	0	0	0	0	0	0	0	0	0	0	0	0	0	0	0	0	0	0	0	0	0	0	0	0	0	0	0	0	0	1	0	0	0	0	0	0	0	0	0	0	0	0	0	0	0	0	0	0	0	0	0	0	0	0	1	0	0	0	0	0	0	0	0	0	0	0	0	0	0	0	0	0	0	0	1	0	1	0	0	0	0	0	0	0	0	0	0	0	0	0	0	0	0	0	0	0	0	0	0	0	0	0	0	0	0	0	0	0	0	0	0	0	0	0	0	0	0	0	0	0	0	0	0	1	0	0	0	0	0	0	0	2	0	1	0	0	0	0	0	0	0	0	0	0	3	6	0	0	0	0	0	0	0	0	0	0	0	0	0	0	0	0	0	0	0	0	0	0	0	0	0	0	0	0	0	0	0	0	0	0	0	0	0	0	0	0	0	0	0	0	0	0	0	0	0	0	0	0	0	0	0	0	0	0	0	0	0	0	0	0	0	0	0	0	0	0	3	0	0	0	0	0	0	0	0	0	0	0	0	0	0	0	0	0	0	0	0	5	3	0	0	0	0	0	0	0	0	0	0	0	0	0	0	0	0	0	0	0	0	0	0	0	0	0	0	0	0	0	0	0	2	0	0	0	0	0	0	0	0	0	0	0	0	0	0	0	0	0	0	0	0	10	0	0	0	0	0	0	5	0	0	0	0	0	0	0	0	0	0	0	0	0	0	0	0	0	0	0	0	0	0	0	0	0	0	0	0	0	0	0	0	0	0	0	0	0	0	0	0	0	0	0	0	0	0	0	0	0	0	0	0	0	0	0	0	0	0	0	0	0	0	0	0	0	0	0	0	0	0	0	0	0	0	0	0	0	0	0	0	0	0	0	0	0	0	0	0	0	0	9	0	0	0	0	0	0	0	0	0	0	0	0	0	0	0	0	0	0	0	0	0	0	0	0	1	0	0	0	0	0	0	0	0	0	0	0	0	0	0	0	0	0	0	0	5	0	14	0	0	0	0	0	0	0	0	0	0	0	0	0	0	0	0	0	0	0	0	0	0	0	0
1004153.5	Escherichia coli AA86	1004153	Susceptible	19	0	0	0	0	0	0	0	0	0	0	0	0	0	0	0	0	0	0	0	0	0	0	0	0	0	0	0	0	0	0	0	0	0	0	0	0	0	0	0	0	0	0	0	0	0	0	0	0	0	0	0	0	0	0	0	0	0	0	0	0	0	0	0	0	0	0	0	0	0	0	0	0	0	0	0	0	0	0	0	0	0	0	0	0	0	0	0	0	0	0	0	0	0	0	0	0	0	0	0	0	0	0	0	0	0	0	0	0	0	0	0	0	0	0	0	0	0	0	0	0	0	0	0	0	0	0	0	0	0	0	0	0	0	0	0	0	0	0	0	0	0	0	0	0	0	0	0	0	0	0	0	0	0	0	0	0	0	0	0	0	0	0	0	0	0	0	0	0	0	0	0	0	0	0	0	0	0	0	0	0	0	0	0	0	0	0	0	0	0	0	0	0	0	0	0	0	0	0	0	0	0	0	0	0	0	0	0	0	0	0	0	0	0	0	0	0	0	0	0	0	0	0	0	0	0	0	0	0	0	0	0	0	0	0	0	0	0	0	0	0	0	0	0	0	0	0	0	0	0	0	0	0	0	0	0	0	0	0	0	0	0	0	0	0	0	0	0	0	0	0	0	0	0	0	0	0	0	0	0	0	0	0	0	0	0	0	0	0	0	0	0	0	0	0	0	0	0	0	0	0	0	0	0	0	0	0	0	0	0	0	0	0	0	0	0	0	0	0	0	0	0	0	0	0	0	0	0	0	0	0	0	0	0	0	0	1	0	0	0	0	0	0	0	0	0	0	0	0	0	0	0	0	0	0	0	0	0	0	0	0	0	0	0	0	0	0	0	0	0	0	0	0	0	0	0	0	0	0	0	0	0	0	0	0	0	0	0	0	0	0	0	0	0	0	0	0	0	0	0	0	0	0	0	0	0	0	0	0	0	0	0	0	0	0	0	0	0	0	0	0	0	0	0	0	0	0	0	0	0	0	0	0	0	0	0	0	0	0	0	0	0	0	0	0	0	0	0	0	0	0	0	0	0	0	0	0	0	0	0	0	0	0	0	0	0	0	0	0	0	0	0	0	0	0	0	0	0	0	0	0	0	0	0	0	0	0	0	0	0	0	0	0	0	0	0	0	0	0	0	0	0	0	0	0	0	0	0	0	0	0	0	0	0	0	0	0	0	0	0	0	0	0	0	0	0	0	0	0	0	0	0	0	0	0	0	0	0	0	0	0	0	0	0	0	0	0	0	0	0	0	0	0	0	0	0	0	0	0	0	0	0	0	0	0	0	0	0	0	0	0	0	0	0	0	0	0	0	0	0	0	0	0	0	0	0	0	0	0	0	0	0	0	0	0	0	0	0	0	0	0	0	0	0	0	0	0	0	0	0	0	0	0	0	0	0	0	0	0	0	0	0	0	0	0	0	0	0	0	0	0	0	0	0	0	0	0	0	0	0	0	0	0	0	0	0	0	0	0	0	0	0	0	0	0	0	0	0	0	0	0	0	0	0	0	0	0	0	0	0	0	0	0	0	0	0	0	0	0	0	0	0	0	0	0	0	0	0	0	0	0	0	0	0	0	0	14	0	0	0	0	0	0	0	0	0	0	0	0	0	0	0	0	0	0	0	0	0	0	0	0
1005396.3	Escherichia coli 88.1467	1005396	Susceptible	19	0	0	0	0	0	0	0	0	0	0	0	0	0	0	0	0	0	0	0	0	0	0	0	0	0	0	0	0	0	0	0	0	0	0	0	0	0	0	0	0	0	0	0	0	0	0	0	0	0	0	0	0	0	0	0	0	0	0	0	0	0	0	0	0	0	0	0	0	0	0	0	0	0	0	0	0	0	0	0	0	0	0	0	0	0	0	0	0	0	0	0	0	0	0	0	0	0	0	0	0	0	0	0	0	0	0	0	0	0	0	0	0	0	0	0	0	0	0	0	0	0	0	0	0	0	0	0	0	0	0	0	0	0	0	0	0	0	1	0	0	0	0	0	0	0	0	0	0	0	0	0	0	0	0	0	0	0	0	0	0	0	0	0	0	0	0	0	0	0	0	0	0	0	0	0	0	0	0	0	0	0	0	0	0	0	0	0	0	0	0	0	0	0	0	0	0	0	0	0	0	0	0	0	0	0	0	0	0	0	0	0	0	0	0	0	0	0	0	0	0	0	0	0	0	0	0	0	0	0	0	0	0	0	0	0	0	0	0	0	0	0	0	0	0	0	0	0	0	0	0	0	0	0	0	0	0	0	0	0	0	0	0	0	0	0	0	0	0	0	0	0	0	0	0	0	0	0	0	0	0	0	0	0	0	0	0	0	0	0	0	0	0	0	0	0	0	0	0	0	0	0	0	0	0	0	0	0	0	0	0	0	0	0	0	0	0	0	0	0	0	0	0	0	0	0	0	0	0	0	0	0	0	0	0	0	0	0	0	0	0	0	0	0	0	0	0	0	0	0	0	0	0	0	0	0	0	0	0	0	0	0	0	0	0	0	0	0	0	0	0	0	0	0	0	0	0	0	0	0	0	0	0	0	0	0	0	0	0	0	0	0	0	0	0	0	0	0	0	0	0	0	0	0	0	0	0	0	0	0	0	0	0	0	0	0	0	0	0	0	0	0	0	0	0	0	0	0	0	0	0	0	0	0	0	0	0	0	0	0	0	0	0	0	0	0	0	0	0	0	0	0	0	0	0	0	0	0	0	0	0	0	0	0	0	0	0	0	0	0	0	0	0	0	0	0	0	0	0	0	0	0	0	0	0	0	0	0	0	0	0	0	0	0	0	0	0	0	3	0	0	0	0	0	0	0	0	0	0	0	0	0	0	0	0	0	0	0	0	0	0	0	0	0	0	0	0	0	0	0	0	0	0	0	0	0	0	0	0	0	0	0	0	0	0	0	0	0	0	0	0	0	0	0	0	0	0	0	0	0	0	0	0	0	0	0	0	0	0	0	0	0	0	0	0	0	0	0	0	0	0	0	0	0	0	0	0	0	0	0	0	0	0	0	0	0	0	0	0	0	0	0	0	0	0	0	0	0	0	0	0	0	0	0	0	0	0	0	0	0	0	0	0	0	0	0	0	0	0	0	0	0	0	0	0	0	0	0	0	0	0	0	0	0	0	0	0	0	0	0	0	0	0	0	0	0	0	0	0	0	0	0	0	0	0	0	0	0	0	0	0	0	0	0	0	0	0	0	0	0	0	0	0	0	0	0	0	0	0	0	0	0	0	0	0	0	0	0	0	0	0	0	0	0	0	0	0	0	0	0	0	0	0	0	0	0	0	0	0	0	0
1005397.3	Escherichia coli 88.0221	1005397	Susceptible	19	0	0	0	0	0	0	0	0	0	0	0	0	0	0	0	0	0	0	0	0	0	0	0	0	0	0	0	0	0	0	0	0	0	0	0	0	0	0	0	0	0	0	0	0	0	0	0	0	0	0	0	0	0	0	0	0	0	0	0	0	0	0	0	0	0	0	0	0	0	0	0	0	0	0	0	0	0	0	0	0	0	0	0	0	0	0	0	0	0	0	0	0	0	0	0	0	0	0	0	0	0	0	0	0	0	0	0	0	0	0	0	0	0	0	0	0	0	0	0	0	0	0	0	0	0	0	0	0	0	0	0	0	0	0	0	0	0	0	0	0	0	0	0	0	0	0	0	0	0	0	0	0	0	0	0	0	0	0	0	0	0	0	0	0	0	0	0	0	0	0	0	0	0	0	0	0	0	0	0	0	0	0	0	0	0	0	0	0	0	0	0	0	0	0	0	0	0	0	0	0	0	0	0	0	0	0	0	0	0	0	0	0	0	0	0	0	0	0	0	0	0	0	0	0	0	0	0	0	0	0	0	0	0	0	0	0	0	0	0	0	0	0	0	0	0	0	0	0	0	0	0	0	0	0	0	0	0	0	0	0	0	0	0	0	0	0	0	0	0	0	0	0	0	0	0	0	0	0	0	0	0	0	0	0	0	0	0	0	0	0	0	0	0	0	0	0	0	0	0	0	0	0	0	0	0	0	0	0	0	0	0	0	0	0	0	0	0	0	0	0	0	0	0	0	0	0	0	0	0	0	0	0	0	0	0	0	0	0	0	0	0	0	0	0	0	0	0	0	0	0	0	0	0	0	0	0	0	0	0	0	0	0	0	0	0	0	0	0	0	0	0	0	0	0	0	0	0	0	0	0	0	0	0	0	0	0	0	0	0	0	0	0	0	0	0	0	0	0	0	0	0	0	0	0	0	0	0	0	0	0	0	0	0	0	0	0	0	0	0	0	0	0	0	0	0	0	0	0	0	0	0	0	0	0	0	0	0	0	0	0	0	0	0	0	0	0	0	0	0	0	0	0	0	0	0	0	0	0	0	0	0	0	0	0	0	0	0	0	0	0	0	0	0	0	0	0	0	0	0	0	0	0	0	0	0	0	0	0	0	0	0	0	0	0	0	0	0	0	0	0	0	0	0	0	0	0	0	0	0	0	0	0	0	0	0	0	0	0	0	0	0	0	0	0	0	0	0	0	0	0	0	0	0	0	0	0	0	0	0	0	0	0	0	0	0	0	0	0	0	0	0	0	0	0	0	0	0	0	0	0	0	0	0	0	0	0	0	0	0	0	0	0	0	0	0	0	0	0	0	0	0	0	0	0	0	0	0	0	0	0	0	0	0	0	0	0	0	0	0	0	0	0	0	0	0	0	0	0	0	0	0	0	0	0	0	0	0	0	0	0	0	0	0	0	0	0	0	0	0	0	0	0	0	0	0	0	0	0	0	0	0	0	0	0	0	0	0	0	0	0	0	0	0	0	0	0	0	0	0	0	0	0	0	0	0	0	0	0	0	0	0	0	0	0	0	0	0	0	0	0	0	0	0	0	0	0	0	0	0	0	0	0	0	0	0	0	0	0	0	0	0	0	0	0	0	0	0	0	0	0	0	0	0	0	0	0	0	0	0	0
1005398.3	Escherichia coli 88.1042	1005398	Susceptible	19	0	0	0	0	0	0	0	0	0	0	0	0	0	0	0	0	0	0	0	0	0	0	0	0	0	0	0	0	0	0	1	0	0	0	0	0	0	0	0	0	0	0	0	0	0	0	0	0	0	0	0	0	0	0	0	0	0	0	0	0	0	0	0	0	0	0	0	0	0	0	0	0	0	0	0	0	0	0	0	0	0	0	0	0	0	0	0	0	0	0	0	0	0	0	0	0	0	0	0	0	0	0	0	0	0	0	0	0	0	0	0	0	0	0	0	0	0	0	0	0	0	0	0	0	0	0	0	0	0	0	0	0	0	0	0	0	0	0	0	0	0	0	0	0	0	0	0	0	0	0	0	0	0	0	0	0	0	0	0	0	0	0	0	0	0	0	0	0	0	0	0	0	0	0	0	0	0	0	0	0	0	0	0	0	0	0	0	0	0	0	0	0	0	0	0	0	0	0	0	0	0	0	0	0	0	0	0	0	0	0	0	0	0	0	0	0	0	0	0	0	0	0	0	0	0	0	0	0	0	0	0	0	0	0	0	0	0	0	0	0	0	0	0	0	0	0	0	0	0	0	0	0	0	0	0	0	0	0	0	0	0	0	0	0	0	0	0	0	0	0	0	0	0	0	0	0	0	0	0	0	0	0	0	0	0	0	0	0	0	0	0	0	0	0	0	0	0	0	0	0	0	0	0	0	0	0	0	0	0	0	0	0	0	0	0	0	0	0	0	0	0	0	0	0	0	0	0	0	0	0	0	0	0	0	0	0	0	0	0	0	0	0	0	0	0	0	0	0	0	0	0	0	0	0	0	0	0	0	0	0	0	0	0	0	0	0	0	0	0	0	0	0	0	0	0	0	0	0	0	0	0	0	0	0	0	0	0	0	0	0	2	0	0	0	0	0	0	0	0	0	0	0	0	0	0	0	0	0	0	0	0	0	0	0	0	0	0	0	0	0	0	0	0	0	0	0	0	0	0	0	0	0	0	0	0	0	0	0	0	0	0	0	0	0	0	0	0	0	0	0	0	0	0	0	0	0	0	0	0	0	0	0	0	0	0	0	0	0	0	0	0	0	0	0	0	0	0	0	0	0	0	0	0	0	0	0	0	0	0	0	0	0	0	0	0	0	0	0	0	0	0	0	0	0	0	0	0	0	0	0	0	0	0	0	0	0	0	0	0	0	0	0	0	0	0	0	0	0	0	0	0	0	0	0	0	0	0	0	0	0	0	0	0	0	0	0	0	0	0	0	0	0	0	0	0	0	0	0	0	0	0	0	0	0	0	0	0	0	0	0	0	0	0	0	0	0	0	0	0	0	0	0	0	0	0	0	0	0	0	0	0	0	0	0	0	0	0	0	0	0	0	0	0	0	0	0	0	0	0	0	0	0	0	0	0	0	0	0	0	0	0	0	0	0	0	0	0	0	0	0	0	0	0	0	0	0	0	0	0	0	0	0	0	0	0	0	0	0	0	0	0	0	0	0	0	0	0	0	0	0	0	0	0	0	0	0	0	0	0	0	0	0	0	0	0	0	0	0	0	0	0	0	0	0	0	0	0	0	0	0	0	0	0	0	0	0	0	0	0	0	0	0	0	0	0	0	0	0	0	0	0	0	0	0	0	0	0	0	0	0
1005399.3	Escherichia coli 89.0511	1005399	Susceptible	19	0	0	0	0	0	0	0	0	0	0	0	0	0	0	0	0	0	0	0	0	0	0	0	0	0	0	0	0	0	0	0	0	0	0	0	0	0	0	0	0	0	0	0	0	0	0	0	0	0	0	0	0	0	0	0	0	0	0	0	0	0	0	0	0	0	0	0	0	0	0	0	0	0	0	0	0	0	0	0	0	0	0	0	0	0	0	0	0	0	0	0	0	0	0	0	0	0	0	0	0	0	0	0	0	0	0	0	0	0	0	0	0	0	0	0	0	0	0	0	0	0	0	0	0	0	0	0	0	0	0	0	0	0	0	0	0	0	0	0	0	0	0	0	0	0	0	0	0	0	0	0	0	0	0	0	0	0	0	0	0	0	0	0	0	0	0	0	0	0	0	0	0	0	0	0	0	0	0	0	0	0	0	0	0	0	0	0	0	0	0	0	0	0	0	0	0	0	0	0	0	0	0	0	0	0	0	0	0	0	0	0	0	0	0	0	0	0	0	0	0	0	0	0	0	0	0	0	0	0	0	0	0	0	0	0	0	0	0	0	0	0	0	0	0	0	0	0	0	0	0	0	0	0	0	0	0	0	0	0	0	0	0	0	0	0	0	0	0	0	0	0	0	0	0	0	0	0	0	0	0	0	0	0	0	0	0	0	0	0	0	0	0	0	0	0	0	0	0	0	0	0	0	0	0	0	0	0	0	0	0	0	0	0	0	0	0	0	0	0	0	0	0	0	0	0	0	0	0	0	0	0	0	0	0	0	0	0	0	0	0	0	0	0	0	0	0	0	0	0	0	0	0	0	0	0	0	0	0	0	0	0	0	0	0	0	0	0	0	0	0	0	0	0	0	0	0	0	0	0	0	0	0	0	0	0	0	0	0	0	0	0	0	0	0	0	0	0	0	0	0	0	0	0	0	0	0	0	0	0	0	0	0	0	0	0	0	0	0	0	0	0	0	0	0	0	0	0	0	0	0	0	0	0	0	0	0	0	0	0	0	0	0	0	0	0	0	0	0	0	0	0	0	0	0	0	0	0	0	0	0	0	0	0	0	0	0	0	0	0	0	0	0	0	0	0	0	0	0	0	0	0	0	0	0	0	0	0	0	0	0	0	0	0	0	0	0	0	0	0	0	0	0	0	0	0	0	0	0	0	0	0	0	0	0	0	0	0	0	0	0	0	0	0	0	0	0	0	0	0	0	0	0	0	0	0	0	0	0	0	0	0	0	0	0	0	0	0	0	0	0	0	0	0	0	0	0	0	0	0	0	0	0	0	0	0	0	0	0	0	0	0	0	0	0	0	0	0	0	0	0	0	0	0	0	0	0	0	0	0	0	0	0	0	0	0	0	0	0	0	0	0	0	0	0	0	0	0	0	0	0	0	0	0	0	0	0	0	0	0	0	0	0	0	0	0	0	0	0	0	0	0	0	0	0	0	0	0	0	0	0	0	0	0	0	0	0	0	0	0	0	0	0	0	0	0	0	0	0	0	0	0	0	0	0	0	0	0	0	0	0	0	0	0	0	0	0	0	0	0	0	0	0	0	0	0	0	0	0	0	0	0	0	0	0	0	0	0	0	0	0	0	0	0	0	0	0	0	0	0	0	0	0	0	0	0	0	0	0	0	0
1005400.3	Escherichia coli 90.0091	1005400	Susceptible	19	0	0	0	0	0	0	0	0	0	0	0	0	0	0	0	0	0	0	0	0	0	0	0	0	0	0	0	0	0	0	0	0	0	0	0	0	0	0	0	0	0	0	0	0	0	0	0	0	0	0	0	0	0	0	0	0	0	0	0	0	0	0	0	0	0	0	0	0	0	0	0	0	0	0	0	0	0	0	0	0	0	0	0	0	0	0	0	0	0	0	0	0	0	0	0	0	0	0	0	0	0	0	0	0	0	0	0	0	0	0	0	0	0	0	0	0	0	0	0	0	0	0	0	0	0	0	0	0	0	0	0	0	0	0	0	0	0	0	0	0	0	0	0	0	0	0	0	0	0	0	0	0	0	0	0	0	0	0	0	0	0	0	0	0	0	0	0	0	0	0	0	0	0	0	0	0	0	0	0	0	0	0	0	0	0	0	0	0	0	0	1	0	0	0	0	0	0	0	0	0	0	0	0	0	0	0	0	0	0	0	0	0	0	0	0	0	0	0	0	0	0	0	0	0	0	0	0	0	0	0	0	0	0	0	0	0	0	0	0	0	0	0	0	0	0	0	0	0	0	0	0	0	0	0	0	0	0	0	0	0	0	0	0	0	0	0	0	0	0	0	0	0	0	0	0	0	0	0	0	0	0	0	0	0	0	0	0	0	0	0	0	0	0	0	0	0	0	0	0	0	0	0	0	0	0	0	0	0	0	0	0	0	0	0	0	0	0	0	0	0	0	0	0	0	0	0	0	0	0	0	0	0	0	0	0	0	0	0	0	0	0	0	0	0	0	0	0	0	0	0	0	0	0	0	0	0	0	0	0	0	0	0	0	0	0	0	0	0	0	0	0	0	0	0	0	0	0	0	0	0	0	0	0	0	0	0	0	0	0	0	0	0	0	0	0	0	0	0	0	0	0	0	0	0	0	0	0	0	0	0	0	0	0	0	0	0	0	0	0	0	0	0	0	0	0	0	0	0	0	0	0	0	0	0	0	0	0	0	0	0	0	0	0	0	0	0	0	0	0	0	0	0	0	0	0	0	0	0	0	0	0	0	0	0	0	0	0	0	0	0	0	0	0	0	0	0	0	0	0	0	0	0	0	0	0	0	0	0	0	0	0	0	0	0	0	0	0	0	0	0	0	0	0	0	0	0	0	0	0	0	0	0	0	0	0	0	0	0	0	0	0	0	0	0	0	0	0	0	0	0	0	0	0	0	0	0	0	0	0	0	0	0	0	0	0	0	0	0	0	0	2	0	0	0	0	0	0	0	0	0	0	0	0	0	0	0	0	0	0	0	0	0	0	0	0	0	0	0	0	0	0	0	0	0	0	0	0	0	0	0	0	0	0	0	0	0	0	0	0	0	0	0	0	0	0	0	0	0	0	0	0	0	0	0	0	0	0	0	0	0	0	0	0	0	0	0	0	0	0	0	0	0	0	0	0	0	0	0	0	0	0	0	0	0	0	0	0	0	0	0	0	0	0	0	0	0	0	0	0	0	0	0	0	0	0	0	0	0	0	0	0	0	0	0	0	0	0	0	0	0	0	0	0	0	0	0	0	0	0	0	0	0	0	0	0	0	0	0	0	0	0	0	0	0	0	0	0	0	0	0	0	0	0	0	0	0	0	0	0	0
1005401.3	Escherichia coli 90.0039	1005401	Susceptible	19	0	0	0	0	0	0	0	0	0	0	0	0	0	0	0	0	0	0	0	0	0	0	0	0	0	0	0	0	0	0	0	0	0	0	0	0	0	0	0	0	0	0	0	0	0	0	0	0	0	0	0	0	0	0	0	0	0	0	0	0	0	0	0	0	0	0	0	0	0	0	0	0	0	0	0	0	0	0	0	0	0	0	0	0	0	0	0	0	0	0	0	0	0	0	0	0	0	0	0	0	0	0	0	0	0	0	0	0	0	0	0	0	0	0	0	0	0	0	0	0	0	0	0	0	0	0	0	0	0	0	0	0	0	0	0	0	0	1	0	0	0	0	0	0	0	0	0	0	0	0	0	0	0	0	0	0	0	0	0	0	0	0	0	0	0	0	0	0	0	0	0	0	0	0	0	0	0	0	0	0	0	0	0	0	0	0	0	0	0	0	0	0	0	0	0	0	0	0	0	0	0	0	0	0	0	0	0	0	0	0	0	0	0	0	0	0	0	0	0	0	0	0	0	0	0	0	0	0	0	0	0	0	0	0	0	0	0	0	0	0	0	0	0	0	0	0	0	0	0	0	0	0	0	0	0	0	0	0	0	0	0	0	0	0	0	0	0	0	0	0	0	0	0	0	0	0	0	0	0	0	0	0	0	0	0	0	0	0	0	0	0	0	0	0	0	0	0	0	0	0	0	0	0	0	0	0	0	0	0	0	0	0	0	0	0	0	0	0	0	0	0	0	0	0	0	0	0	0	0	0	0	0	0	0	0	0	0	0	0	0	0	0	0	0	0	0	0	0	0	0	0	0	0	0	0	0	0	0	0	0	0	0	0	0	0	0	0	0	0	0	0	0	0	0	0	0	0	0	0	0	0	0	0	0	0	0	0	0	0	0	0	0	0	0	0	0	0	0	0	0	0	0	0	0	0	0	0	0	0	0	0	0	0	0	0	0	0	0	0	0	0	0	0	0	0	0	0	0	0	0	0	0	0	0	0	0	0	0	0	0	0	0	0	0	0	0	0	0	0	0	0	0	0	0	0	0	0	0	0	0	0	0	0	0	0	0	0	0	0	0	0	0	0	0	0	0	0	0	0	0	0	0	0	0	0	0	0	0	0	0	0	0	0	0	0	0	0	3	0	0	0	0	0	0	0	0	0	0	0	0	0	0	0	0	0	0	0	0	0	0	0	0	0	0	0	0	0	0	0	0	0	0	0	0	0	0	0	0	0	0	0	0	0	0	0	0	0	0	0	0	0	0	0	0	0	0	0	0	0	0	0	0	0	0	0	0	0	0	0	0	0	0	0	0	0	0	0	0	0	0	0	0	0	0	0	0	0	0	0	0	0	0	0	0	0	0	0	0	0	0	0	0	0	0	0	0	0	0	0	0	0	0	0	0	0	0	0	0	0	0	0	0	0	0	0	0	0	0	0	0	0	0	0	0	0	0	0	0	0	0	0	0	0	0	0	0	0	0	0	0	0	0	0	0	0	0	0	0	0	0	0	0	0	0	0	0	0	0	0	0	0	0	0	0	0	0	0	0	0	0	0	0	0	0	0	0	0	0	0	0	0	0	0	0	0	0	0	0	0	0	0	0	0	0	0	0	0	0	0	0	0	0	0	0	0	0	0	0	0	0
1005402.3	Escherichia coli 90.2281	1005402	Susceptible	19	0	0	0	0	0	0	0	0	0	0	0	0	0	0	0	0	0	0	0	0	0	0	0	0	0	0	0	0	0	0	0	0	0	0	0	0	0	0	0	0	0	0	0	0	0	0	0	0	0	0	0	0	0	0	0	0	0	0	0	0	0	0	0	0	0	0	0	0	0	0	0	0	0	0	0	0	0	0	0	0	0	0	0	0	0	0	0	0	0	0	0	0	0	0	0	0	0	0	0	0	0	0	0	0	0	0	0	0	0	0	0	0	0	0	0	0	0	0	0	0	0	0	0	0	0	0	0	0	0	0	0	0	0	0	0	0	0	0	0	0	0	0	0	0	0	0	0	0	0	0	0	0	0	0	0	0	0	0	0	0	0	0	0	0	0	0	0	0	0	0	0	0	0	0	0	0	0	0	0	0	0	0	0	0	0	0	0	0	0	0	0	0	0	0	0	0	0	0	0	0	0	0	0	0	0	0	0	0	0	0	0	0	0	0	0	0	0	0	0	0	0	0	0	0	0	0	0	0	0	0	0	0	0	0	0	0	0	0	0	0	0	0	0	0	0	0	0	0	0	0	0	0	0	0	0	0	0	0	0	0	0	0	0	0	0	0	0	0	0	0	0	0	0	0	0	0	0	0	0	0	0	0	0	0	0	0	0	0	0	0	0	0	0	0	0	0	0	0	0	0	0	0	0	0	0	0	0	0	0	0	0	0	0	0	0	0	0	0	0	0	0	0	0	0	0	0	0	0	0	0	0	0	0	0	0	0	0	0	0	0	0	0	0	0	0	0	0	0	0	0	0	0	0	0	0	0	0	0	0	0	0	0	0	0	0	0	0	0	0	0	0	0	0	0	0	0	0	0	0	0	0	0	0	0	0	0	0	0	0	0	0	0	0	0	0	0	0	0	0	0	0	0	0	0	0	0	0	0	0	0	0	0	0	0	0	0	0	0	0	0	0	0	0	0	0	0	0	0	0	0	0	0	0	0	0	0	0	0	0	0	0	0	0	0	0	0	0	0	0	0	0	0	0	0	0	0	0	0	0	0	0	0	0	0	0	0	0	0	0	0	0	0	0	0	0	0	0	0	0	0	0	0	0	0	0	0	0	0	0	0	0	0	0	0	0	0	0	0	0	0	0	0	0	0	0	0	0	0	0	0	0	0	0	0	0	0	0	0	0	0	0	0	0	0	0	0	0	0	0	0	0	0	0	0	0	0	0	0	0	0	0	0	0	0	0	0	0	0	0	0	0	0	0	0	0	0	0	0	0	0	0	0	0	0	0	0	0	0	0	0	0	0	0	0	0	0	0	0	0	0	0	0	0	0	0	0	0	0	0	0	0	0	0	0	0	0	0	0	0	0	0	0	0	0	0	0	0	0	0	0	0	0	0	0	0	0	0	0	0	0	0	0	0	0	0	0	0	0	0	0	0	0	0	0	0	0	0	0	0	0	0	0	0	0	0	0	0	0	0	0	0	0	0	0	0	0	0	0	0	0	0	0	0	0	0	0	0	0	0	0	0	0	0	0	0	0	0	0	0	0	0	0	0	0	0	0	0	0	0	0	0	0	0	0	0	0	0	0	0	0	0	0	0	0	0	0	0	0	0	0	0	0	0	0	0	0	0	0	0	0
1005403.3	Escherichia coli 93.0055	1005403	Susceptible	19	0	0	0	0	0	0	0	0	0	0	0	0	0	0	0	0	0	0	0	0	0	0	0	0	0	0	0	0	0	0	0	0	0	0	0	0	0	0	0	0	0	0	0	0	0	0	0	0	0	0	0	0	0	0	0	0	0	0	0	0	0	0	0	0	0	0	0	0	0	0	0	0	0	0	0	0	0	0	0	0	0	0	0	0	0	0	0	0	0	0	0	0	0	0	0	0	0	0	0	0	0	0	0	0	0	0	0	0	0	0	0	0	0	0	0	0	0	0	0	0	0	0	0	0	0	0	0	0	0	0	0	0	0	0	0	0	0	0	0	0	0	0	0	0	0	0	0	0	0	0	0	0	0	0	0	0	0	0	0	0	0	0	0	0	0	0	0	0	0	0	0	0	0	0	0	0	0	0	0	0	0	0	0	0	0	0	0	0	0	0	0	0	0	0	0	0	0	1	0	0	0	0	0	0	0	0	0	0	0	0	0	0	0	0	0	0	0	0	0	0	0	0	0	0	0	0	0	0	0	0	0	0	0	0	0	0	0	0	0	0	0	0	0	0	0	0	0	0	0	0	0	0	0	0	0	0	0	0	0	0	0	0	0	0	0	0	0	0	0	0	0	0	0	0	0	0	0	0	0	0	0	0	0	0	0	0	0	0	1	0	0	0	0	0	0	0	0	0	0	0	0	0	0	0	0	0	0	0	0	0	0	0	0	0	0	0	0	0	0	0	0	0	0	0	0	0	0	0	0	0	0	0	0	0	0	0	0	0	0	0	0	0	0	0	0	0	0	0	0	0	0	0	0	0	0	0	0	0	0	0	0	0	0	0	0	0	0	0	0	0	0	0	0	0	0	0	0	0	0	0	0	0	0	0	0	0	0	0	0	0	0	0	0	0	0	0	0	0	0	0	0	0	0	0	0	0	0	0	0	0	0	0	0	0	0	0	0	0	0	0	0	0	0	0	0	0	0	0	0	0	0	0	0	0	0	0	0	0	0	0	0	0	0	0	0	0	0	0	0	0	0	0	0	0	0	0	0	0	0	0	0	0	0	0	0	0	0	0	0	0	0	0	0	0	0	0	0	0	0	0	0	0	0	0	0	0	0	0	0	0	0	0	0	0	0	0	0	0	0	0	0	0	0	0	0	0	0	0	0	0	0	0	0	0	0	0	0	0	0	0	0	0	0	0	0	0	0	0	0	0	0	0	0	0	0	0	0	0	0	0	0	0	0	0	0	0	0	0	0	0	0	0	0	0	0	0	0	5	0	0	0	0	0	0	0	0	0	0	0	0	0	0	0	0	0	0	0	0	0	0	0	0	0	0	0	0	0	0	0	0	0	0	0	0	0	0	0	0	0	0	0	0	0	0	0	0	0	0	0	0	0	0	0	0	0	0	0	0	0	0	0	0	0	0	0	0	0	0	0	0	0	0	0	0	0	0	0	0	0	0	0	0	0	0	0	0	0	0	6	0	0	0	0	0	0	0	0	0	0	0	0	0	0	0	0	0	0	0	0	0	0	0	0	0	0	0	0	0	0	0	0	0	0	0	0	0	0	0	0	0	0	0	0	0	0	0	0	0	0	0	0	0	0	0	0	0	0	0	0	0	0	0	0	0	0	0	0	0	0	0
1005404.3	Escherichia coli 93.0056	1005404	Susceptible	19	0	0	0	0	0	0	0	0	0	0	0	0	0	0	0	0	0	0	0	0	0	0	0	0	0	0	0	0	0	0	0	0	0	0	0	0	0	0	0	0	0	0	0	0	0	0	0	0	0	0	0	0	0	0	0	0	0	0	0	0	0	0	0	0	0	0	0	0	0	0	0	0	0	0	0	0	0	0	0	0	0	0	0	0	0	0	0	0	0	0	0	0	0	0	0	0	0	0	0	0	0	0	0	0	0	0	0	0	0	0	0	0	0	0	0	0	0	0	0	0	0	0	0	0	0	0	0	0	0	0	0	0	0	0	0	0	0	0	0	0	0	0	0	0	0	0	0	0	0	0	0	0	0	0	0	0	0	0	0	0	0	0	0	0	0	0	0	0	0	0	0	0	0	0	0	0	0	0	0	0	0	0	0	0	0	0	0	0	0	0	0	0	0	0	0	0	0	0	0	0	0	0	0	0	0	0	0	0	0	0	0	0	0	0	0	0	0	0	0	0	0	0	0	0	0	0	0	0	0	0	0	0	0	0	0	0	0	0	0	0	0	0	0	0	0	0	0	0	0	0	0	0	0	0	0	0	0	0	0	0	0	0	0	0	0	0	0	0	0	0	0	0	0	0	0	0	0	0	0	0	0	0	0	0	0	0	0	0	0	0	0	0	0	0	0	0	0	0	0	0	0	0	0	0	0	0	0	0	0	0	0	0	0	0	0	0	0	0	0	0	0	0	0	0	0	0	0	0	0	0	0	0	0	0	0	0	0	0	0	0	0	0	0	0	0	0	0	0	0	0	0	0	0	0	0	0	0	0	0	0	0	0	0	0	0	0	0	0	0	0	0	0	0	0	0	0	0	0	0	0	0	0	0	0	0	0	0	0	0	0	0	0	0	0	0	0	0	0	0	0	0	0	0	0	0	0	0	0	0	0	0	0	0	0	0	0	0	0	0	0	0	0	0	0	0	0	0	0	0	0	0	0	0	0	0	0	0	0	0	0	0	0	0	0	0	0	0	0	0	0	0	0	0	0	0	0	0	0	0	0	0	0	0	0	0	0	0	0	0	0	0	0	0	0	0	0	0	0	0	0	0	0	0	0	0	0	0	0	0	0	0	0	0	0	0	0	0	0	0	0	0	0	0	0	0	0	0	0	0	0	0	0	0	0	0	0	0	0	0	0	0	0	0	0	0	0	0	0	0	0	0	0	0	0	0	0	0	0	0	0	0	0	0	0	0	0	0	0	0	0	0	0	0	0	0	0	0	0	0	0	0	0	0	0	0	0	0	0	0	0	0	0	0	0	0	0	0	0	0	0	0	0	0	0	0	0	0	0	0	0	0	0	0	0	0	0	0	0	0	0	0	0	0	0	0	0	0	0	0	0	0	0	0	0	0	0	0	0	0	0	0	0	0	0	0	0	0	0	0	0	0	0	0	0	0	0	0	0	0	0	0	0	0	0	0	0	0	0	0	0	0	0	0	0	0	0	0	0	0	0	0	0	0	0	0	0	0	0	0	0	0	0	0	0	0	0	0	0	0	0	0	0	0	0	0	0	0	0	0	0	0	0	0	0	0	0	0	0	0	0	0	0	0	0	0	0	0	0	0	0	0	0	0	0	0	0	0	0	0	0
1005405.3	Escherichia coli 94.0618	1005405	Susceptible	19	0	0	0	0	0	0	0	0	0	0	0	0	0	0	0	0	0	0	0	0	0	0	1	0	0	0	0	0	0	0	0	0	0	0	0	0	0	0	0	0	0	0	0	1	1	0	0	0	0	0	0	0	0	0	0	0	0	0	0	0	0	0	0	0	0	0	0	0	0	0	0	0	0	0	0	0	0	0	0	0	0	0	0	0	0	0	0	0	0	0	0	0	0	0	0	0	0	0	0	0	0	0	0	0	0	0	0	0	0	0	0	0	0	0	0	1	0	0	0	0	0	0	0	0	0	0	0	0	0	0	0	0	0	0	0	0	0	0	0	0	0	0	0	0	0	0	0	0	0	0	0	0	0	0	0	0	0	0	0	0	0	0	0	0	0	0	0	0	0	0	0	0	0	0	0	0	0	0	0	0	0	0	0	0	0	0	0	0	0	0	0	0	0	0	0	0	0	0	0	0	0	0	0	0	0	0	0	0	0	0	0	0	0	0	0	0	0	0	0	0	0	0	0	0	0	0	0	0	0	0	0	0	0	0	0	0	0	0	0	0	0	0	0	0	0	0	0	0	0	0	0	0	0	0	0	0	0	0	0	0	0	0	0	0	0	0	0	0	0	0	0	0	0	0	0	0	0	0	0	0	0	0	0	0	0	0	0	0	0	0	0	0	0	0	0	0	0	0	0	0	0	0	0	0	0	0	0	0	0	0	0	0	0	0	0	0	0	0	0	0	0	0	0	0	0	0	0	0	0	0	0	0	0	1	0	0	0	0	0	0	0	0	0	0	0	0	0	0	0	0	0	0	0	0	0	0	0	0	0	0	0	0	0	0	0	0	0	0	0	0	0	0	0	0	0	0	0	0	0	0	0	0	1	0	0	0	0	0	0	0	0	0	0	0	0	0	0	0	0	0	0	0	0	3	4	0	0	0	0	0	0	0	0	0	0	0	0	0	0	0	0	0	0	0	0	0	0	0	0	0	0	0	0	0	0	0	0	0	0	0	0	0	0	0	0	0	0	0	0	0	0	0	0	0	0	0	0	0	0	0	0	0	0	0	0	0	0	0	0	0	0	0	0	0	0	3	0	0	0	0	0	0	0	0	0	0	0	0	0	0	0	0	0	0	0	0	0	0	0	0	0	0	0	0	0	0	0	0	0	0	0	0	0	0	0	0	0	0	0	0	0	0	0	0	0	0	0	0	0	0	0	0	0	0	0	0	0	0	0	0	0	0	0	0	0	0	0	0	0	0	0	0	0	0	0	0	0	0	0	0	0	0	0	0	0	0	0	0	0	0	0	0	0	0	0	0	0	0	0	0	0	0	0	0	0	0	0	0	0	0	0	0	0	0	0	0	0	0	0	0	0	0	0	0	0	0	0	0	0	0	0	0	0	0	0	0	0	0	0	0	0	0	0	0	0	0	0	0	0	0	0	0	0	0	0	0	0	0	0	0	0	0	0	0	0	0	0	0	0	0	0	0	0	0	0	0	0	0	0	0	0	0	0	0	0	0	0	0	0	0	0	0	0	0	0	0	0	0	0	0	0	0	0	0	0	0	0	0	0	0	0	0	0	5	0	0	0	0	0	0	0	0	0	0	0	0	0	0	0	0	0	0	0	0	0	0	0	0	0	0
1005406.3	Escherichia coli 95.0183	1005406	Susceptible	19	0	0	0	0	0	0	0	0	0	0	0	0	0	0	0	0	0	0	0	0	0	0	0	0	0	0	0	0	0	0	0	0	0	0	0	0	0	0	0	0	0	0	0	0	0	0	0	0	0	0	0	0	0	0	0	0	0	0	0	0	0	0	0	0	0	0	0	0	0	0	0	0	0	0	0	0	0	0	0	0	0	0	0	0	0	0	0	0	0	0	0	0	0	0	0	0	0	0	0	0	0	0	0	0	0	0	0	0	0	0	0	0	0	0	0	0	0	0	0	0	0	0	0	0	0	0	0	0	0	0	0	0	0	0	0	0	0	0	0	0	0	0	0	0	0	0	0	0	0	0	0	0	0	0	0	0	0	0	0	0	0	0	0	0	0	0	0	0	0	0	0	0	0	0	0	0	0	0	0	0	0	0	0	0	0	0	0	0	0	0	0	0	0	0	0	0	0	0	0	0	0	0	0	0	0	0	0	0	0	0	0	0	0	0	0	0	0	0	0	0	0	0	0	0	0	0	0	0	0	0	0	0	0	0	0	0	0	0	0	0	0	0	0	0	0	0	0	0	0	0	0	0	0	0	0	0	0	0	0	0	0	0	0	0	0	0	0	0	0	0	0	0	0	0	0	0	0	0	0	0	0	0	0	0	0	0	0	0	0	0	0	0	0	0	0	0	0	0	0	0	0	0	0	0	0	0	0	0	0	0	0	0	0	0	0	0	0	0	0	0	0	0	0	0	0	0	0	0	0	0	0	0	0	0	0	0	0	0	0	0	0	0	0	0	0	0	0	0	0	0	0	0	0	0	0	0	0	0	0	0	0	0	0	0	0	0	0	0	0	0	0	0	0	0	0	0	0	0	0	0	0	0	0	0	0	0	0	0	0	0	0	0	0	0	0	0	0	0	0	0	0	0	0	0	0	0	0	0	0	0	0	0	0	0	0	0	0	0	0	0	0	0	0	0	0	0	0	0	0	0	0	0	0	0	0	0	0	0	0	0	0	0	0	0	0	0	0	0	0	0	0	0	0	0	0	0	0	0	0	0	0	0	0	0	0	0	0	0	0	0	0	0	0	0	0	0	0	0	0	0	0	0	0	0	0	0	0	0	0	0	0	0	0	0	0	0	0	0	0	0	0	0	0	0	0	0	0	0	0	0	0	0	0	0	0	0	0	0	0	0	0	0	0	0	0	0	0	0	0	0	0	0	0	0	0	0	0	0	0	0	0	0	0	0	0	0	0	0	0	0	0	0	0	0	0	0	0	0	0	0	0	0	0	0	0	0	0	0	0	0	0	0	0	0	0	0	0	0	0	0	0	0	0	0	0	0	0	0	0	0	0	0	0	0	0	0	0	0	0	0	0	0	0	0	0	0	0	0	0	0	0	0	0	0	0	0	0	0	0	0	0	0	0	0	0	0	0	0	0	0	0	0	0	0	0	0	0	0	0	0	0	0	0	0	0	0	0	0	0	0	0	0	0	0	0	0	0	0	0	0	0	0	0	0	0	0	0	0	0	0	0	0	0	0	0	0	0	0	0	0	0	0	0	0	0	0	0	0	0	0	0	0	0	0	0	0	0	0	0	0	0	0	0	0	0	0	0	0	0	0	0	0	0	0	0	0	0	0	0	0
1005407.3	Escherichia coli 95.1288	1005407	Susceptible	19	0	0	0	0	0	0	0	0	0	0	0	0	0	0	0	0	0	0	0	0	0	0	0	0	0	0	0	0	0	0	0	0	0	0	0	0	0	0	0	0	0	0	0	0	0	0	0	0	0	0	0	0	0	0	0	0	0	0	0	0	0	0	0	0	0	0	0	0	0	0	0	0	0	0	0	0	0	0	0	0	0	0	0	0	0	0	0	0	0	0	0	0	0	0	0	0	0	0	0	0	0	0	0	0	0	0	0	0	0	0	0	0	0	0	0	0	0	0	0	0	0	0	0	0	0	0	0	0	0	0	0	0	0	0	0	0	0	0	0	0	0	0	0	0	0	0	0	0	0	0	0	0	0	0	0	0	0	0	0	0	0	0	0	0	0	0	0	0	0	0	0	0	0	0	0	0	0	0	0	0	0	0	0	0	0	0	0	0	0	0	0	0	0	0	0	0	0	0	0	0	0	0	0	0	0	0	0	0	0	0	0	0	0	0	0	0	0	0	0	0	0	0	0	0	0	0	0	0	0	0	0	0	0	0	0	0	0	0	0	0	0	0	0	0	0	0	0	0	0	0	0	0	0	0	0	0	0	0	0	0	0	0	0	0	0	0	0	0	0	0	0	0	0	0	0	0	0	0	0	0	0	0	0	0	0	0	0	0	1	0	0	0	0	0	0	0	0	0	0	0	0	0	0	0	0	0	0	0	0	0	0	0	0	0	0	0	0	0	0	0	0	0	0	0	0	0	0	0	0	0	0	0	0	0	0	0	0	0	0	0	0	0	0	0	0	0	0	0	0	0	0	0	0	0	0	0	0	0	0	0	0	0	0	0	0	0	0	0	0	0	0	0	0	0	0	0	0	0	0	0	0	0	0	0	0	0	0	0	0	0	0	0	0	0	0	0	0	0	0	0	0	0	0	0	0	0	0	0	0	0	0	0	0	0	0	0	0	0	0	0	0	0	0	0	0	0	0	0	0	0	0	0	0	0	0	0	0	0	0	0	0	0	0	0	0	0	0	0	0	0	0	0	0	0	0	0	0	0	0	0	0	0	0	0	0	0	0	0	0	0	0	0	0	0	0	0	0	0	0	0	0	0	0	0	0	0	0	0	0	0	0	0	0	0	0	0	0	0	0	0	0	0	0	0	0	0	0	0	0	0	0	0	0	0	0	0	0	0	0	0	0	0	0	0	0	0	0	0	0	0	0	0	0	0	0	0	0	0	0	0	0	0	0	0	0	0	0	0	0	0	0	0	0	0	0	0	0	0	0	0	0	0	0	0	0	0	0	0	0	0	0	0	0	0	0	0	0	0	0	0	0	0	0	0	0	0	0	0	0	0	0	0	0	0	0	0	0	0	0	0	0	0	0	0	0	0	0	0	0	0	0	0	0	0	0	0	0	0	0	0	0	0	0	0	0	0	0	0	0	0	0	0	0	0	0	0	0	0	0	0	0	0	0	0	0	0	0	0	5	0	0	0	0	0	0	0	0	0	0	0	0	0	0	0	0	0	0	0	0	0	0	0	0	0	0	0	0	0	0	0	0	0	0	0	0	0	0	0	0	0	0	0	0	0	0	0	0	0	0	0	0	0	0	0	0	0	0	0	0	0	0	0	0	0	0	0	0	0	0	0
